region_id,region_name,region_id_en,region_name_en,region_raw_source,year,women_farms,credit_kaf,credit_acc,credit_fund,credit_total,land_share,log_women_farms,log_credit_total,lag1_log_women_farms,lag1_log_credit_total,log_credit_kaf,lag1_log_credit_kaf,log_credit_acc,lag1_log_credit_acc,log_credit_fund,lag1_log_credit_fund,year_fe
Shymkent,Shymkent,shymkent,Shymkent,г. Шымкент,2018,621,,,,,,6.432940092739179,,,,,,,,,,2018
Shymkent,Shymkent,shymkent,Shymkent,г. Шымкент,2019,667,,,138.8,138.8,,6.504288173536645,4.94021282979971,6.432940092739179,,,,,,4.94021282979971,,2019
Shymkent,Shymkent,shymkent,Shymkent,г. Шымкент,2020,1002,32.5,2226.2,314.0,2572.7,,6.910750787961935,7.853099831247029,6.504288173536645,4.94021282979971,3.5115454388310208,,7.7085004701401,,5.752572638825633,4.94021282979971,2020
Shymkent,Shymkent,shymkent,Shymkent,г. Шымкент,2021,923,79.0,,491.0,570.0,,6.828712071641684,6.34738920965601,6.910750787961935,7.853099831247029,4.382026634673881,3.5115454388310208,,7.7085004701401,6.198478716492308,5.752572638825633,2021
Shymkent,Shymkent,shymkent,Shymkent,г. Шымкент,2022,1641,61.0,,,61.0,,7.403670290012373,4.127134385045092,6.828712071641684,6.34738920965601,4.127134385045092,4.382026634673881,,,,6.198478716492308,2022
Shymkent,Shymkent,shymkent,Shymkent,г. Шымкент,2023,2341,,1677.0,,1677.0,,7.758760544157663,7.425357887027151,7.403670290012373,4.127134385045092,,4.127134385045092,7.425357887027151,,,,2023
Shymkent,Shymkent,shymkent,Shymkent,г. Шымкент,2024,2388,,10831.0,,10831.0,,7.778630147325809,9.290259995152056,7.758760544157663,7.425357887027151,,,9.290259995152056,7.425357887027151,,,2024
Turkestan_region,Turkestan region,turkestan,Turkestan,Туркестанская; Южно-Казахстанская,2015,13321,149.4,617.3,2084.0,2850.7,0.88,9.497172082973124,7.955670586660586,,,5.0132984115157395,,6.426973776564523,,7.642524134232902,,2015
Turkestan_region,Turkestan region,turkestan,Turkestan,Туркестанская; Южно-Казахстанская,2016,13550,68.4,5448.8,392.9,5910.099999999999,1.49,9.514215624322713,8.684587218292501,9.497172082973124,7.955670586660586,4.239886867512759,5.0132984115157395,8.603334189736223,6.426973776564523,5.97609706997686,7.642524134232902,2016
Turkestan_region,Turkestan region,turkestan,Turkestan,Туркестанская; Южно-Казахстанская,2017,14303,37.8,2589.6,1558.0,4185.4,1.61,9.568294497413294,8.339596455057997,9.514215624322713,8.684587218292501,3.6584202466292277,4.239886867512759,7.859644788096156,8.603334189736223,7.351799869057777,5.97609706997686,2017
Turkestan_region,Turkestan region,turkestan,Turkestan,Туркестанская; Южно-Казахстанская,2018,14926,276.4,3801.3,1227.8,5305.5,1.44,9.61092693263324,8.576687763201877,9.568294497413294,8.339596455057997,5.625460507880731,3.6584202466292277,8.243361425774504,7.859644788096156,7.113793362393408,7.351799869057777,2018
Turkestan_region,Turkestan region,turkestan,Turkestan,Туркестанская; Южно-Казахстанская,2019,15650,1765.0,2672.8,2072.9,6510.700000000001,1.43,9.6582900916905,8.781355837825108,9.61092693263324,8.576687763201877,7.476472381163905,5.625460507880731,7.891255960549023,8.243361425774504,7.637186171619329,7.113793362393408,2019
Turkestan_region,Turkestan region,turkestan,Turkestan,Туркестанская; Южно-Казахстанская,2020,15600,972.9,1283.0,1844.1,4100.0,1.12,9.655090293747248,8.318986125392058,9.6582900916905,8.781355837825108,6.881308628967154,7.476472381163905,7.157735484249907,7.891255960549023,7.520288755547837,7.637186171619329,2020
Turkestan_region,Turkestan region,turkestan,Turkestan,Туркестанская; Южно-Казахстанская,2021,15927,963.0,6179.0,2691.0,9833.0,1.12,9.675833845744032,9.193601047971883,9.655090293747248,8.318986125392058,6.871091294610546,6.881308628967154,8.729073550451737,7.157735484249907,7.898039690764619,7.520288755547837,2021
Turkestan_region,Turkestan region,turkestan,Turkestan,Туркестанская; Южно-Казахстанская,2022,18065,1471.0,9202.2,,10673.2,3.34,9.801786997709788,9.275584893836584,9.675833845744032,9.193601047971883,7.294377299288821,6.871091294610546,9.127306528646619,8.729073550451737,,7.898039690764619,2022
Turkestan_region,Turkestan region,turkestan,Turkestan,Туркестанская; Южно-Казахстанская,2023,20551,1941.0,8327.0,,10268.0,3.34,9.93071353878972,9.236884927198297,9.801786997709788,9.275584893836584,7.571473648851271,7.294377299288821,9.027378610294805,9.127306528646619,,,2023
Turkestan_region,Turkestan region,turkestan,Turkestan,Туркестанская; Южно-Казахстанская,2024,20253,1961.0,11139.0,,13100.0,2.17,9.91610758389223,9.48044384215367,9.93071353878972,9.236884927198297,7.581719640125308,7.571473648851271,9.318297513481275,9.027378610294805,,,2024
Абай,Абай,abai,Abai,Абай,2022,2417,1333.0,1708.2,,3041.2,2.76,7.790696031174738,8.020336216877642,,,7.195937226475569,,7.44378070376987,,,,2022
Абай,Абай,abai,Abai,Абай,2023,2717,1954.0,2090.0,,4044.0,0.75,7.907651594711089,8.305236829492591,7.790696031174738,8.020336216877642,7.578145472419466,7.195937226475569,7.645397699428633,7.44378070376987,,,2023
Абай,Абай,abai,Abai,Абай,2024,2739,1827.0,2568.0,,4395.0,1.53,7.915713199382115,8.388450315523512,7.907651594711089,8.305236829492591,7.510977752014095,7.578145472419466,7.851271997109883,7.645397699428633,,,2024
Акмолинская,Акмолинская,akmola,Akmola,Акмолинская,2015,563,636.2,2363.0,399.9,3399.1,4.9,6.335054251498058,8.131560121936442,,,6.457083578035894,,7.768110378525988,,5.993712019648461,,2015
Акмолинская,Акмолинская,akmola,Akmola,Акмолинская,2016,593,1718.0,1019.3,437.5,3174.8,4.92,6.386879319362644,8.063314848091997,6.335054251498058,8.131560121936442,7.449498005382849,6.457083578035894,6.927851980681259,7.768110378525988,6.083359811812238,5.993712019648461,2016
Акмолинская,Акмолинская,akmola,Akmola,Акмолинская,2017,759,887.0,809.8,623.0,2319.8,3.75,6.633318433280377,7.749667232807194,6.386879319362644,8.063314848091997,6.78897174299217,7.449498005382849,6.698021414577845,6.927851980681259,6.436150368369428,6.083359811812238,2017
Акмолинская,Акмолинская,akmola,Akmola,Акмолинская,2018,978,1136.2,8721.6,1177.7,11035.5,3.21,6.88653164253051,9.308963240581264,6.633318433280377,7.749667232807194,7.036324379776845,6.78897174299217,9.07367263759825,6.698021414577845,7.072167415232524,6.436150368369428,2018
Акмолинская,Акмолинская,akmola,Akmola,Акмолинская,2019,1566,1030.0,4487.2,1341.3,6858.5,3.17,7.356918242356021,8.833389831766219,6.88653164253051,9.308963240581264,6.93828448401696,7.036324379776845,8.409207009489476,9.07367263759825,7.20213983949359,7.072167415232524,2019
Акмолинская,Акмолинская,akmola,Akmola,Акмолинская,2020,1490,1198.7,1045.0,1265.8,3509.5,1.74,7.307202314764738,8.163513756457304,7.356918242356021,8.833389831766219,7.089826804520882,6.93828448401696,6.952728644624869,8.409207009489476,7.144249314664485,7.20213983949359,2020
Акмолинская,Акмолинская,akmola,Akmola,Акмолинская,2021,1528,2281.0,2335.0,1329.0,5945.0,1.6,7.332369205929062,8.690474003558043,7.307202314764738,8.163513756457304,7.732807530422021,7.089826804520882,7.756195343948118,6.952728644624869,7.1929342212158,7.144249314664485,2021
Акмолинская,Акмолинская,akmola,Akmola,Акмолинская,2022,1714,3952.0,7596.0,,11548.0,1.53,7.44716835960004,9.354354132115088,7.332369205929062,8.690474003558043,8.282230063296685,7.732807530422021,8.935508711503221,7.756195343948118,,7.1929342212158,2022
Акмолинская,Акмолинская,akmola,Akmola,Акмолинская,2023,1859,4215.0,6423.0,,10638.0,1.53,7.528331766707247,9.272281773516363,7.44716835960004,9.354354132115088,8.346642090221199,8.282230063296685,8.767796255626598,8.935508711503221,,,2023
Акмолинская,Акмолинская,akmola,Akmola,Акмолинская,2024,1777,4636.0,10831.0,,15467.0,1.29,7.48324441607385,9.646528652727188,7.528331766707247,9.272281773516363,8.441822884391462,8.346642090221199,9.290259995152056,8.767796255626598,,,2024
Актюбинская,Актюбинская,aktobe,Aktobe,Актюбинская,2015,521,19.7,400.2,595.3,1015.2,5.83,6.257667587882638,6.923825459159631,,,3.0301337002713233,,5.994460056087781,,6.39074389612906,,2015
Актюбинская,Актюбинская,aktobe,Aktobe,Актюбинская,2016,627,71.9,484.1,928.1,1484.1,0.15,6.442540166468198,7.303237389036899,6.257667587882638,6.923825459159631,4.289088639014612,3.0301337002713233,6.184355055251171,5.994460056087781,6.834216375647267,6.39074389612906,2016
Актюбинская,Актюбинская,aktobe,Aktobe,Актюбинская,2017,847,27.2,819.7,1483.0,2329.9,0.15,6.742880635791903,7.754009738072623,6.442540166468198,7.303237389036899,3.339321977944068,4.289088639014612,6.710157634635666,6.184355055251171,7.302496423727326,6.834216375647267,2017
Актюбинская,Актюбинская,aktobe,Aktobe,Актюбинская,2018,1164,73.7,9045.5,1319.4,10438.6,0.15,7.060476365999801,9.253361546526378,6.742880635791903,7.754009738072623,4.3134800921387715,3.339321977944068,9.11013322155915,6.710157634635666,7.185689999979038,7.302496423727326,2018
Актюбинская,Актюбинская,aktobe,Aktobe,Актюбинская,2019,1440,210.0,724.1,1518.3,2452.4,0.15,7.273092595999522,7.805230096598652,7.060476365999801,9.253361546526378,5.351858133476067,4.3134800921387715,6.586309576377547,9.11013322155915,7.326004981449721,7.185689999979038,2019
Актюбинская,Актюбинская,aktobe,Aktobe,Актюбинская,2020,2006,232.9,687.8,2077.4,2998.1,0.15,7.604396348796338,8.006067522641244,7.273092595999522,7.805230096598652,5.454893673590133,5.351858133476067,6.534950953113521,6.586309576377547,7.639353645916335,7.326004981449721,2020
Актюбинская,Актюбинская,aktobe,Aktobe,Актюбинская,2021,2412,646.0,1415.0,1890.0,3951.0,0.14,7.788626065625031,8.281977058867758,7.604396348796338,8.006067522641244,6.472346294500901,5.454893673590133,7.255591274253665,6.534950953113521,7.544861068658458,7.639353645916335,2021
Актюбинская,Актюбинская,aktobe,Aktobe,Актюбинская,2022,2457,1627.0,2938.7,,4565.7,0.14,7.80710329012598,8.42654612239154,7.788626065625031,8.281977058867758,7.395107546562485,6.472346294500901,7.986062814309882,7.255591274253665,,7.544861068658458,2022
Актюбинская,Актюбинская,aktobe,Aktobe,Актюбинская,2023,2602,812.0,1869.0,,2681.0,0.14,7.864419904994565,7.894318063841624,7.80710329012598,8.42654612239154,6.70073110954781,7.395107546562485,7.533693709848633,7.986062814309882,,,2023
Актюбинская,Актюбинская,aktobe,Aktobe,Актюбинская,2024,2734,1445.0,1102.0,,2547.0,0.15,7.913886714856082,7.843064016692054,7.864419904994565,7.894318063841624,7.27655640271871,6.70073110954781,7.005789019253503,7.533693709848633,,,2024
Алматинская,Алматинская,almaty_region,Almaty Region,Алматинская,2015,10868,135.8,464.1,427.7,1027.6,6.52,9.293669979563187,6.935953933340816,,,4.918520005188451,,6.142252436230051,,6.0607573736039315,,2015
Алматинская,Алматинская,almaty_region,Almaty Region,Алматинская,2016,10487,290.3,912.7,1825.4,3028.4,5.48,9.257987025443535,8.016119859092925,9.293669979563187,6.935953933340816,5.674353663965389,4.918520005188451,6.817502290004575,6.142252436230051,7.5101020952155855,6.0607573736039315,2016
Алматинская,Алматинская,almaty_region,Almaty Region,Алматинская,2017,11669,100.8,945.0,1746.0,2791.8,1.96,9.3647767252806,7.934799955790826,9.257987025443535,8.016119859092925,4.623010104116422,5.674353663965389,6.852242569051878,6.817502290004575,7.465655310134056,7.5101020952155855,2017
Алматинская,Алматинская,almaty_region,Almaty Region,Алматинская,2018,11979,1830.6,14405.3,2811.0,19046.9,2.08,9.39099387166944,9.854712138257916,9.3647767252806,7.934799955790826,7.51294518078294,4.623010104116422,9.575420889888871,6.852242569051878,7.941651252930556,7.465655310134056,2018
Алматинская,Алматинская,almaty_region,Almaty Region,Алматинская,2019,18458,2223.0,4078.0,2379.1,8680.1,2.08,9.8233073354086,9.068903527735666,9.39099387166944,9.854712138257916,7.707062655370473,7.51294518078294,8.313607139317558,9.575420889888871,7.774897782589561,7.941651252930556,2019
Алматинская,Алматинская,almaty_region,Almaty Region,Алматинская,2020,12583,2423.2,527.0,1904.5,4854.7,3.12,9.440181444738114,8.487908551588744,9.8233073354086,9.068903527735666,7.793256852036412,7.707062655370473,6.269096283706261,8.313607139317558,7.552499720313915,7.774897782589561,2020
Алматинская,Алматинская,almaty_region,Almaty Region,Алматинская,2021,12470,835.0,5987.0,2301.0,9123.0,3.16,9.431161227920748,9.118663583404278,9.440181444738114,8.487908551588744,6.728628613084702,7.793256852036412,8.69751274553952,6.269096283706261,7.741533589281828,7.552499720313915,2021
Алматинская,Алматинская,almaty_region,Almaty Region,Алматинская,2022,7889,310.0,4942.3,,5252.3,2.48,8.97335141383992,8.566611729545965,9.431161227920748,9.118663583404278,5.739792912179234,6.728628613084702,8.505788403352799,8.69751274553952,,7.741533589281828,2022
Алматинская,Алматинская,almaty_region,Almaty Region,Алматинская,2023,8692,645.0,3534.0,,4179.0,2.1,9.070273383079064,8.338066525518801,8.97335141383992,8.566611729545965,6.470799503782602,5.739792912179234,8.170468578330674,8.505788403352799,,,2023
Алматинская,Алматинская,almaty_region,Almaty Region,Алматинская,2024,8548,636.0,2800.0,,3436.0,5.38,9.053569596026234,8.142354276849833,9.070273383079064,8.338066525518801,6.456769655572163,6.470799503782602,7.937731775260109,8.170468578330674,,,2024
Атырауская,Атырауская,atyrau,Atyrau,Атырауская,2015,393,44.9,110.8,655.6,811.3,1.82,5.976350909297934,6.699869730056908,,,3.8264651170664994,,4.716711560720999,,6.487075005067492,,2015
Атырауская,Атырауская,atyrau,Atyrau,Атырауская,2016,428,175.0,291.3,855.6,1321.9,1.78,6.061456918928017,7.187581575468334,5.976350909297934,6.699869730056908,5.170483995038151,3.8264651170664994,5.6777806721172,4.716711560720999,6.752971065181271,6.487075005067492,2016
Атырауская,Атырауская,atyrau,Atyrau,Атырауская,2017,475,24.0,1600.9,602.0,2226.9,1.51,6.16541785423142,7.708814716736478,6.061456918928017,7.187581575468334,3.2188758248682006,5.170483995038151,7.378945703707438,5.6777806721172,6.401917196727186,6.752971065181271,2017
Атырауская,Атырауская,atyrau,Atyrau,Атырауская,2018,562,28.1,172.7,644.5,845.3,1.76,6.333279628139691,6.74087390667606,6.16541785423142,7.708814716736478,3.370738174177447,3.2188758248682006,5.157329673247059,7.378945703707438,6.470025210286697,6.401917196727186,2018
Атырауская,Атырауская,atyrau,Atyrau,Атырауская,2019,780,122.0,348.6,1146.6,1617.2,2.36,6.660575149839686,7.389069699373739,6.333279628139691,6.74087390667606,4.812184355372417,3.370738174177447,5.85678964378138,5.157329673247059,7.045428084107209,6.470025210286697,2019
Атырауская,Атырауская,atyrau,Atyrau,Атырауская,2020,751,37.2,455.4,1146.9,1639.5,0.81,6.62273632394984,7.402756352401156,6.660575149839686,7.389069699373739,3.6428355156125294,4.812184355372417,6.123369617987921,5.85678964378138,7.045689465071451,7.045428084107209,2020
Атырауская,Атырауская,atyrau,Atyrau,Атырауская,2021,811,33.0,636.0,792.0,1461.0,0.81,6.699500340161678,7.287560640309724,6.62273632394984,7.402756352401156,3.5263605246161616,3.6428355156125294,6.456769655572163,6.123369617987921,6.675823221634848,7.045689465071451,2021
Атырауская,Атырауская,atyrau,Atyrau,Атырауская,2022,941,41.0,1154.2,,1195.2,0.77,6.848005274576363,7.086905144610457,6.699500340161678,7.287560640309724,3.7376696182833684,3.5263605246161616,7.052028768138562,6.456769655572163,,6.675823221634848,2022
Атырауская,Атырауская,atyrau,Atyrau,Атырауская,2023,1132,106.0,1689.0,,1795.0,0.77,7.032624261028007,7.493317248862144,6.848005274576363,7.086905144610457,4.672828834461906,3.7376696182833684,7.432483807917119,7.052028768138562,,,2023
Атырауская,Атырауская,atyrau,Atyrau,Атырауская,2024,1126,150.0,934.0,,1084.0,0.76,7.027314514039776,6.989335265974559,7.032624261028007,7.493317248862144,5.017279836814924,4.672828834461906,6.840546529288687,7.432483807917119,,,2024
Восточно_Казахстанская,Восточно Казахстанская,east_kazakhstan,East Kazakhstan,Восточно-Казахстанская,2015,3036,171.4,955.9,584.8,1712.1,5.18,8.018625465045748,7.446059873736412,,,5.149817358229593,,6.863698892785217,,6.372978434393633,,2015
Восточно_Казахстанская,Восточно Казахстанская,east_kazakhstan,East Kazakhstan,Восточно-Казахстанская,2016,2968,233.9,406.7,1955.3,2595.9,4.88,7.995980474763759,7.862073704952949,8.018625465045748,7.446059873736412,5.459159891664867,5.149817358229593,6.0105316098252075,6.863698892785217,7.578810213067266,6.372978434393633,2016
Восточно_Казахстанская,Восточно Казахстанская,east_kazakhstan,East Kazakhstan,Восточно-Казахстанская,2017,2816,353.3,,719.0,1072.3,4.88,7.943427767876372,6.978493293487478,7.995980474763759,7.862073704952949,5.870144011871426,5.459159891664867,,6.0105316098252075,6.579251212010101,7.578810213067266,2017
Восточно_Казахстанская,Восточно Казахстанская,east_kazakhstan,East Kazakhstan,Восточно-Казахстанская,2018,3242,365.1,1188.8,1259.8,2813.7,4.93,8.084254106307318,7.942610962958542,7.943427767876372,6.978493293487478,5.902906520126191,5.870144011871426,7.081540504753805,,7.139501719103615,6.579251212010101,2018
Восточно_Казахстанская,Восточно Казахстанская,east_kazakhstan,East Kazakhstan,Восточно-Казахстанская,2019,4792,1183.0,,1101.5,2284.5,4.98,8.474911799159631,7.734340097771799,8.084254106307318,7.942610962958542,7.076653815443951,5.902906520126191,,7.081540504753805,7.005335607321001,7.139501719103615,2019
Восточно_Казахстанская,Восточно Казахстанская,east_kazakhstan,East Kazakhstan,Восточно-Казахстанская,2020,3859,570.3,1834.3,1328.6,3733.2,3.71,8.258422462458876,8.225288884531235,8.474911799159631,7.734340097771799,6.347914465730417,7.076653815443951,7.514963234864426,,7.192633424101183,7.005335607321001,2020
Восточно_Казахстанская,Восточно Казахстанская,east_kazakhstan,East Kazakhstan,Восточно-Казахстанская,2021,4347,836.0,1201.0,2119.0,4156.0,3.31,8.3774712482411,8.332548939252638,8.258422462458876,8.225288884531235,6.729824070489475,6.347914465730417,7.091742115095153,7.514963234864426,7.659171367666058,7.192633424101183,2021
Восточно_Казахстанская,Восточно Казахстанская,east_kazakhstan,East Kazakhstan,Восточно-Казахстанская,2022,2292,382.0,1437.3,,1819.3,3.26,7.737616282857904,7.506756601651853,8.3774712482411,8.332548939252638,5.948034989180646,6.729824070489475,7.271217139609844,7.091742115095153,,7.659171367666058,2022
Восточно_Казахстанская,Восточно Казахстанская,east_kazakhstan,East Kazakhstan,Восточно-Казахстанская,2023,2535,1309.0,2215.0,,3524.0,0.51,7.838343315557116,8.16763571524637,7.737616282857904,7.506756601651853,7.177782416195197,5.948034989180646,7.703459047867175,7.271217139609844,,,2023
Восточно_Казахстанская,Восточно Казахстанская,east_kazakhstan,East Kazakhstan,Восточно-Казахстанская,2024,2550,1201.0,3560.0,,4761.0,3.38,7.844240718141811,8.468423027046807,7.838343315557116,8.16763571524637,7.091742115095153,7.177782416195197,8.177796683277778,7.703459047867175,,,2024
Жамбылская,Жамбылская,zhambyl,Zhambyl,Жамбылская,2015,3260,298.7,174.8,453.0,926.5,1.61,8.089789175789319,6.83249279448159,,,5.702781974322617,,5.169346985251076,,6.118097198041348,,2015
Жамбылская,Жамбылская,zhambyl,Zhambyl,Жамбылская,2016,3368,576.3,819.6,1116.3,2512.2,0.73,8.122371243406553,7.829312120528791,8.089789175789319,6.83249279448159,6.358362062066888,5.702781974322617,6.710035780008086,5.169346985251076,7.018670339553292,6.118097198041348,2016
Жамбылская,Жамбылская,zhambyl,Zhambyl,Жамбылская,2017,3604,14.9,256.0,1989.0,2259.9,1.19,8.190077049719049,7.72351824308227,8.122371243406553,7.829312120528791,2.766319109226186,6.358362062066888,5.54907608489522,6.710035780008086,7.595889917718538,7.018670339553292,2017
Жамбылская,Жамбылская,zhambyl,Zhambyl,Жамбылская,2018,3830,144.0,616.6,1620.5,2381.1,1.19,8.25088114470065,7.775737730562173,8.190077049719049,7.72351824308227,4.976733742420574,2.766319109226186,6.425840998710567,5.54907608489522,7.391106925747373,7.595889917718538,2018
Жамбылская,Жамбылская,zhambyl,Zhambyl,Жамбылская,2019,5512,706.0,1379.7,2018.3,4104.0,1.19,8.614864218589684,8.31996102188653,8.25088114470065,7.775737730562173,6.561030665896573,4.976733742420574,7.230345895922107,6.425840998710567,7.610506195684777,7.391106925747373,2019
Жамбылская,Жамбылская,zhambyl,Zhambyl,Жамбылская,2020,4389,544.5,1425.4,1898.3,3868.2,1.19,8.387084506069217,8.260803046308391,8.614864218589684,8.31996102188653,6.301702805273125,6.561030665896573,7.26290906654893,7.230345895922107,7.549240676218191,7.610506195684777,2020
Жамбылская,Жамбылская,zhambyl,Zhambyl,Жамбылская,2021,4441,375.0,1810.0,2152.0,4337.0,1.2,8.398860004454372,8.37516869138682,8.387084506069217,8.260803046308391,5.929589143389895,6.301702805273125,7.501634457883413,7.26290906654893,7.674617497364363,7.549240676218191,2021
Жамбылская,Жамбылская,zhambyl,Zhambyl,Жамбылская,2022,6380,578.0,3315.3,,3893.3,1.11,8.761080103868347,8.267269224567059,8.398860004454372,8.37516869138682,6.361302477572996,5.929589143389895,8.106604982609303,7.501634457883413,,7.674617497364363,2022
Жамбылская,Жамбылская,zhambyl,Zhambyl,Жамбылская,2023,9420,697.0,5094.0,,5791.0,1.11,9.150696519048669,8.664232934065552,8.761080103868347,8.267269224567059,6.548219102762372,6.361302477572996,8.536014945656826,8.106604982609303,,,2023
Жамбылская,Жамбылская,zhambyl,Zhambyl,Жамбылская,2024,8953,1386.0,8266.0,,9652.0,1.12,9.09985563880091,9.175024026848616,9.150696519048669,8.664232934065552,7.234898420314831,6.548219102762372,9.020026965252676,8.536014945656826,,,2024
Жетісу,Жетісу,jetisu,Jetisu,Жетісу,2022,5085,428.0,3101.8,,3529.8,4.22,8.534246945982064,8.169279753146078,,,6.061456918928017,,8.040060208616717,,,,2022
Жетісу,Жетісу,jetisu,Jetisu,Жетісу,2023,5761,440.0,4283.0,,4723.0,3.71,8.659039915644474,8.460411177317253,8.534246945982064,8.169279753146078,6.089044875446846,6.061456918928017,8.36264243156764,8.040060208616717,,,2023
Жетісу,Жетісу,jetisu,Jetisu,Жетісу,2024,5764,1430.0,4476.0,,5906.0,3.79,8.65956043270316,8.683893367307235,8.659039915644474,8.460411177317253,7.266128779556451,6.089044875446846,8.406708458240965,8.36264243156764,,,2024
Западно_Казахстанская,Западно Казахстанская,west_kazakhstan,West Kazakhstan,Западно-Казахстанская,2015,579,11.8,258.2,397.7,667.7,6.15,6.363028103540465,6.505335529059932,,,2.5494451709255714,,5.557599964478119,,5.988209254387309,,2015
Западно_Казахстанская,Западно Казахстанская,west_kazakhstan,West Kazakhstan,Западно-Казахстанская,2016,680,177.4,545.6,647.4,1370.4,6.17,6.523562306149512,7.223587394850264,6.363028103540465,6.505335529059932,5.184028220145909,2.5494451709255714,6.303717273493968,5.557599964478119,6.474507789861521,5.988209254387309,2016
Западно_Казахстанская,Западно Казахстанская,west_kazakhstan,West Kazakhstan,Западно-Казахстанская,2017,922,98.6,357.7,1142.0,1598.3,6.18,6.827629234502852,7.377321312496825,6.523562306149512,7.223587394850264,4.601162164590552,5.184028220145909,5.882486384538237,6.303717273493968,7.04141166379481,6.474507789861521,2017
Западно_Казахстанская,Западно Казахстанская,west_kazakhstan,West Kazakhstan,Западно-Казахстанская,2018,1222,244.3,437.8,1249.7,1931.8,6.19,7.109062135687172,7.566725007740495,6.827629234502852,7.377321312496825,5.502481951264444,4.601162164590552,6.084043728401075,5.882486384538237,7.131458673554861,7.04141166379481,2018
Западно_Казахстанская,Западно Казахстанская,west_kazakhstan,West Kazakhstan,Западно-Казахстанская,2019,1607,476.0,1142.0,1595.5,3213.5,6.2,7.382746449738911,8.075427103581742,7.109062135687172,7.566725007740495,6.1675164908883415,5.502481951264444,7.04141166379481,6.084043728401075,7.375569012154837,7.131458673554861,2019
Западно_Казахстанская,Западно Казахстанская,west_kazakhstan,West Kazakhstan,Западно-Казахстанская,2020,1851,519.4,873.9,1875.2,3268.5,6.22,7.524021415206125,8.092392347001331,7.382746449738911,8.075427103581742,6.25459774663835,6.1675164908883415,6.774109594112219,7.04141166379481,7.537003733691851,7.375569012154837,2020
Западно_Казахстанская,Западно Казахстанская,west_kazakhstan,West Kazakhstan,Западно-Казахстанская,2021,1951,914.0,580.0,949.0,2443.0,6.3,7.576609766973037,7.801391320291486,7.524021415206125,8.092392347001331,6.818924065275521,6.25459774663835,6.364750756851911,6.774109594112219,6.856461984594587,7.537003733691851,2021
Западно_Казахстанская,Западно Казахстанская,west_kazakhstan,West Kazakhstan,Западно-Казахстанская,2022,2131,1705.0,2513.9,,4218.9,6.15,7.664815785285735,8.347566710066822,7.576609766973037,7.801391320291486,7.441906728051625,6.818924065275521,7.829988320311921,6.364750756851911,,6.856461984594587,2022
Западно_Казахстанская,Западно Казахстанская,west_kazakhstan,West Kazakhstan,Западно-Казахстанская,2023,2629,1211.0,2548.0,,3759.0,6.16,7.87473912517181,8.23217423638394,7.664815785285735,8.347566710066822,7.10002716662926,7.441906728051625,7.8434564043761155,7.829988320311921,,,2023
Западно_Казахстанская,Западно Казахстанская,west_kazakhstan,West Kazakhstan,Западно-Казахстанская,2024,2559,1871.0,1920.0,,3791.0,6.14,7.847762537473608,8.240648863374911,7.87473912517181,8.23217423638394,7.534762657037537,7.10002716662926,7.560601162768557,7.8434564043761155,,,2024
Карагандинская,Карагандинская,karaganda,Karaganda,Карагандинская,2015,901,73.3,558.0,595.4,1226.7,4.15,6.804614520062623,7.112897779186794,,,4.308110951723713,,6.326149473155099,,6.390911582890583,,2015
Карагандинская,Карагандинская,karaganda,Karaganda,Карагандинская,2016,1044,72.2,298.6,394.5,765.3,4.16,6.951772164398911,6.641573737976358,6.804614520062623,7.112897779186794,4.293195420967266,4.308110951723713,5.702448251643064,6.326149473155099,5.980150787207709,6.390911582890583,2016
Карагандинская,Карагандинская,karaganda,Karaganda,Карагандинская,2017,1395,244.9,379.0,1587.0,2210.9,4.08,7.241366283322318,7.701607153663715,6.951772164398911,6.641573737976358,5.504924949222147,4.293195420967266,5.940171252720432,5.702448251643064,7.370230641807081,5.980150787207709,2017
Карагандинская,Карагандинская,karaganda,Karaganda,Карагандинская,2018,1720,159.6,666.9,1773.3,2599.8,4.12,7.450660796211539,7.863574368989696,7.241366283322318,7.701607153663715,5.078916801512661,5.504924949222147,6.50413846173159,5.940171252720432,7.481161257929534,7.370230641807081,2018
Карагандинская,Карагандинская,karaganda,Karaganda,Карагандинская,2019,2491,345.0,649.0,2186.0,3180.0,4.15,7.820840879907344,8.064950891749143,7.450660796211539,7.863574368989696,5.846438775057725,5.078916801512661,6.476972362889683,6.50413846173159,7.690286020676768,7.481161257929534,2019
Карагандинская,Карагандинская,karaganda,Karaganda,Карагандинская,2020,2857,528.6,1158.7,941.0,2628.3,0.62,7.957877358489813,7.874472930049214,7.820840879907344,8.064950891749143,6.272122004622799,5.846438775057725,7.055916629962658,6.476972362889683,6.848005274576363,7.690286020676768,2020
Карагандинская,Карагандинская,karaganda,Karaganda,Карагандинская,2021,3123,663.0,3068.0,1994.0,5725.0,0.65,8.046869510959576,8.65277248565806,7.957877358489813,7.874472930049214,6.498282149476434,6.272122004622799,8.029107054619736,7.055916629962658,7.598399329323964,6.848005274576363,2021
Карагандинская,Карагандинская,karaganda,Karaganda,Карагандинская,2022,2430,217.0,4080.6,,4297.6,0.69,7.796057974316123,8.366044667273176,8.046869510959576,8.65277248565806,5.384495062789089,6.498282149476434,8.314244347387547,8.029107054619736,,7.598399329323964,2022
Карагандинская,Карагандинская,karaganda,Karaganda,Карагандинская,2023,2852,477.0,3603.0,,4080.0,0.69,7.956126351213499,8.314097335405805,7.796057974316123,8.366044667273176,6.169610732491456,5.384495062789089,8.189799618728228,8.314244347387547,,,2023
Карагандинская,Карагандинская,karaganda,Karaganda,Карагандинская,2024,2483,1256.0,3347.0,,4603.0,0.58,7.817625443053369,8.434680769841773,7.956126351213499,8.314097335405805,7.136483208590247,6.169610732491456,8.116118431609365,8.189799618728228,,,2024
Костанайская,Костанайская,kostanay,Kostanay,Костанайская,2015,948,418.2,1127.0,423.9,1969.1,12.1,6.855408798609927,7.585839581865036,,,6.038348133006832,,7.028201432058005,,6.051853847120766,,2015
Костанайская,Костанайская,kostanay,Kostanay,Костанайская,2016,1024,785.7,633.1,820.3,2239.1,0.29,6.932447891572508,7.714275786709766,6.855408798609927,7.585839581865036,6.667846981335197,6.038348133006832,6.452206670705986,7.028201432058005,6.710888450746147,6.051853847120766,2016
Костанайская,Костанайская,kostanay,Kostanay,Костанайская,2017,1157,187.6,237.0,727.0,1151.6,0.29,7.05444965813294,7.049775539002566,6.932447891572508,7.714275786709766,5.239628370199357,6.667846981335197,5.472270673671475,6.452206670705986,6.590301048196686,6.710888450746147,2017
Костанайская,Костанайская,kostanay,Kostanay,Костанайская,2018,1425,588.5,2674.0,994.1,4256.6,0.29,7.262628600974241,8.356460900223425,7.05444965813294,7.049775539002566,6.379274719977426,5.239628370199357,7.891704659330107,5.472270673671475,6.902843234621116,6.590301048196686,2018
Костанайская,Костанайская,kostanay,Kostanay,Костанайская,2019,3087,1663.0,786.0,841.7,3290.7,0.28,8.035278911144667,8.099159427632218,7.262628600974241,8.356460900223425,7.416979621381154,6.379274719977426,6.668228248417403,7.891704659330107,6.736611022778308,6.902843234621116,2019
Костанайская,Костанайская,kostanay,Kostanay,Костанайская,2020,1647,2457.5,1638.0,1211.0,5306.5,0.29,7.407317710469417,8.57687619357741,8.035278911144667,8.099159427632218,7.8073066868519945,7.416979621381154,7.40184157874383,6.668228248417403,7.10002716662926,6.736611022778308,2020
Костанайская,Костанайская,kostanay,Kostanay,Костанайская,2021,1678,2355.0,3190.0,909.0,6454.0,0.29,7.425953657077541,8.772610303280743,7.407317710469417,8.57687619357741,7.764720544771477,7.8073066868519945,8.068089626278244,7.40184157874383,6.813444599510896,7.10002716662926,2021
Костанайская,Костанайская,kostanay,Kostanay,Костанайская,2022,1702,4705.0,3584.3,,8289.3,0.31,7.440146680662688,9.022841435653092,7.425953657077541,8.772610303280743,8.456593569287309,7.764720544771477,8.184597431540945,8.068089626278244,,6.813444599510896,2022
Костанайская,Костанайская,kostanay,Kostanay,Костанайская,2023,1977,3963.0,7104.0,,11067.0,0.33,7.589841512182657,9.311813340906816,7.440146680662688,9.022841435653092,8.285008895449879,8.456593569287309,8.868554040531201,8.184597431540945,,,2023
Костанайская,Костанайская,kostanay,Kostanay,Костанайская,2024,1921,5597.0,9934.0,,15531.0,0.33,7.561121589530238,9.650657690851558,7.589841512182657,9.311813340906816,8.630164670075398,8.285008895449879,9.203819154985917,8.868554040531201,,,2024
Кызылординская,Кызылординская,kyzylorda,Kyzylorda,Кызылординская,2015,397,9.4,473.2,625.8,1108.4,0.19,5.986452005284438,7.011574607621133,,,2.341805806147327,,6.161629173631305,,6.440627510481866,,2015
Кызылординская,Кызылординская,kyzylorda,Kyzylorda,Кызылординская,2016,547,,445.5,539.1,984.6,0.09,6.306275286948015,6.893250592779255,5.986452005284438,7.011574607621133,,2.341805806147327,6.101439400316553,6.161629173631305,6.291754307598845,6.440627510481866,2016
Кызылординская,Кызылординская,kyzylorda,Kyzylorda,Кызылординская,2017,1034,,998.0,1656.0,2654.0,0.09,6.942156705699469,7.884199933676039,6.306275286948015,6.893250592779255,,,6.906754778648554,6.101439400316553,7.4127640174265625,6.291754307598845,2017
Кызылординская,Кызылординская,kyzylorda,Kyzylorda,Кызылординская,2018,1488,451.1,200.3,931.3,1582.7,0.09,7.305860032684008,7.36751916049768,6.942156705699469,7.884199933676039,6.11390339430056,,5.304796332645746,6.906754778648554,6.837654651302648,7.4127640174265625,2018
Кызылординская,Кызылординская,kyzylorda,Kyzylorda,Кызылординская,2019,728,193.0,380.0,1374.4,1947.4,0.1,6.591673732008658,7.574763801932387,7.305860032684008,7.36751916049768,5.267858159063328,6.11390339430056,5.942799375126701,5.304796332645746,7.226499876885736,6.837654651302648,2019
Кызылординская,Кызылординская,kyzylorda,Kyzylorda,Кызылординская,2020,3725,12.4,590.8,900.0,1503.2,0.09,8.223090551161533,7.316016474392303,6.591673732008658,7.574763801932387,2.5952547069568657,5.267858159063328,6.383168739966109,5.942799375126701,6.803505257608338,7.226499876885736,2020
Кызылординская,Кызылординская,kyzylorda,Kyzylorda,Кызылординская,2021,4228,324.0,84.0,1559.0,1967.0,0.34,8.34972083747249,7.584773077612199,8.223090551161533,7.316016474392303,5.783825182329737,2.5952547069568657,4.442651256490317,6.383168739966109,7.352441100243583,6.803505257608338,2021
Кызылординская,Кызылординская,kyzylorda,Kyzylorda,Кызылординская,2022,4433,125.0,1441.4,,1566.4,0.44,8.397057390176256,7.357173474618764,8.34972083747249,7.584773077612199,4.836281906951478,5.783825182329737,7.274063671889108,4.442651256490317,,7.352441100243583,2022
Кызылординская,Кызылординская,kyzylorda,Kyzylorda,Кызылординская,2023,4109,89.0,3387.0,,3476.0,0.44,8.32117830749028,8.153925132007862,8.397057390176256,7.357173474618764,4.499809670330265,4.836281906951478,8.127995055771946,7.274063671889108,,,2023
Кызылординская,Кызылординская,kyzylorda,Kyzylorda,Кызылординская,2024,3797,277.0,2953.0,,3230.0,0.44,8.242229891372231,8.080546965824498,8.32117830749028,8.153925132007862,5.627621113690637,4.499809670330265,7.9909154630913255,8.127995055771946,,,2024
Мангистауская,Мангистауская,mangystau,Mangystau,Мангистауская,2015,223,,,235.8,235.8,0.02,5.41164605185504,5.46721590300985,,,,,,,5.46721590300985,,2015
Мангистауская,Мангистауская,mangystau,Mangystau,Мангистауская,2016,258,,,847.7,847.7,0.01,5.556828061699537,6.743705766975631,5.41164605185504,5.46721590300985,,,,,6.743705766975631,5.46721590300985,2016
Мангистауская,Мангистауская,mangystau,Mangystau,Мангистауская,2017,339,486.0,,224.0,710.0,0.02,5.828945617610207,6.566672429803241,5.556828061699537,6.743705766975631,6.18826412308259,,,,5.41610040220442,6.743705766975631,2017
Мангистауская,Мангистауская,mangystau,Mangystau,Мангистауская,2018,486,,0.0,381.6,381.6,0.01,6.18826412308259,5.946990057006152,5.828945617610207,6.566672429803241,,6.18826412308259,0.0,,5.946990057006152,5.41610040220442,2018
Мангистауская,Мангистауская,mangystau,Mangystau,Мангистауская,2019,597,4.0,265.1,571.2,840.3000000000001,0.01,6.393590753950631,6.734948314556767,6.18826412308259,5.946990057006152,1.6094379124341003,,5.583872177983643,0.0,6.34948858061601,5.946990057006152,2019
Мангистауская,Мангистауская,mangystau,Mangystau,Мангистауская,2020,655,,214.8,905.6,1120.4,0.17,6.486160788944089,7.022333183689572,6.393590753950631,6.734948314556767,,1.6094379124341003,5.374352052824034,5.583872177983643,6.809701338506749,6.34948858061601,2020
Мангистауская,Мангистауская,mangystau,Mangystau,Мангистауская,2021,736,,527.0,886.0,1413.0,0.33,6.602587892189336,7.254177846456518,6.486160788944089,7.022333183689572,,,6.269096283706261,5.374352052824034,6.787844982309579,6.809701338506749,2021
Мангистауская,Мангистауская,mangystau,Mangystau,Мангистауская,2022,980,,1143.0,,1143.0,0.26,6.888572459565363,7.042286171939743,6.602587892189336,7.254177846456518,,,7.042286171939743,6.269096283706261,,6.787844982309579,2022
Мангистауская,Мангистауская,mangystau,Mangystau,Мангистауская,2023,1168,11.0,1081.0,,1092.0,0.25,7.063903961472068,6.996681488176538,6.888572459565363,7.042286171939743,2.4849066497880004,,6.9865664594064265,7.042286171939743,,,2023
Мангистауская,Мангистауская,mangystau,Mangystau,Мангистауская,2024,1068,41.0,900.0,,941.0,0.24,6.974478911025045,6.848005274576363,7.063903961472068,6.996681488176538,3.7376696182833684,2.4849066497880004,6.803505257608338,6.9865664594064265,,,2024
Павлодарская,Павлодарская,pavlodar,Pavlodar,Павлодарская,2015,528,278.8,541.8,317.7,1138.3,0.24,6.270988431858299,7.03816931770407,,,5.634075062231381,,6.296740927960714,,5.764250221423291,,2015
Павлодарская,Павлодарская,pavlodar,Pavlodar,Павлодарская,2016,542,459.7,466.8,493.9,1420.4,0.05,6.297109319933935,7.259397580392795,6.270988431858299,7.03816931770407,6.132747071941871,5.634075062231381,6.148040854150079,6.296740927960714,6.204355721957841,5.764250221423291,2016
Павлодарская,Павлодарская,pavlodar,Pavlodar,Павлодарская,2017,525,40.7,273.7,625.0,939.4,0.16,6.265301212737709,6.846305316665914,6.297109319933935,7.259397580392795,3.730501128804756,6.132747071941871,5.615679593101228,6.148040854150079,6.439350371100098,6.204355721957841,2017
Павлодарская,Павлодарская,pavlodar,Pavlodar,Павлодарская,2018,553,387.7,746.1,500.8,1634.6,0.23,6.317164686747284,7.399764988490487,6.265301212737709,6.846305316665914,5.962807837858177,3.730501128804756,6.616199044981755,5.615679593101228,6.218201633932322,6.439350371100098,2018
Павлодарская,Павлодарская,pavlodar,Pavlodar,Павлодарская,2019,1435,1431.0,1306.1,896.7,3633.8,0.24,7.269616749608169,8.198309367821192,6.317164686747284,7.399764988490487,7.266827347520591,5.962807837858177,7.175566221791506,6.616199044981755,6.799835936762642,6.218201633932322,2019
Павлодарская,Павлодарская,pavlodar,Pavlodar,Павлодарская,2020,617,1419.9,1212.3,1260.2,3892.4,0.17,6.42648845745769,8.267038090855177,7.269616749608169,8.198309367821192,7.259045752644029,7.266827347520591,7.101099199057828,7.175566221791506,7.139818927670905,6.799835936762642,2020
Павлодарская,Павлодарская,pavlodar,Pavlodar,Павлодарская,2021,742,2483.0,316.0,1074.0,3873.0,0.17,6.610696044717759,8.262042843966942,6.42648845745769,8.267038090855177,7.81762544305337,7.259045752644029,5.75890177387728,7.101099199057828,6.980075940561763,7.139818927670905,2021
Павлодарская,Павлодарская,pavlodar,Pavlodar,Павлодарская,2022,1178,4742.0,2776.3,,7518.3,0.17,7.07242190053737,8.925228327504815,6.610696044717759,8.262042843966942,8.464425125877582,7.81762544305337,7.929234511720422,5.75890177387728,,6.980075940561763,2022
Павлодарская,Павлодарская,pavlodar,Pavlodar,Павлодарская,2023,1404,3514.0,2691.0,,6205.0,0.17,7.247792581767846,8.733271845008325,7.07242190053737,8.925228327504815,8.164794804244766,8.464425125877582,7.898039690764619,7.929234511720422,,,2023
Павлодарская,Павлодарская,pavlodar,Pavlodar,Павлодарская,2024,1382,2571.0,3913.0,,6484.0,0.65,7.232010331664758,8.777247096750544,7.247792581767846,8.733271845008325,7.85243908535751,8.164794804244766,8.272315147956022,7.898039690764619,,,2024
Северо_Казахстанская,Северо Казахстанская,north_kazakhstan,North Kazakhstan,Северо-Казахстанская,2015,506,144.7,2687.8,320.6,3153.1,5.93,6.228511003591183,8.056458472790816,,,4.981549713201159,,7.896850276410896,,5.773308537304811,,2015
Северо_Казахстанская,Северо Казахстанская,north_kazakhstan,North Kazakhstan,Северо-Казахстанская,2016,542,216.7,408.8,445.7,1071.2,2.66,6.297109319933935,6.977467891393437,6.228511003591183,8.056458472790816,5.3831179682405015,4.981549713201159,6.0156692358048,7.896850276410896,6.101887228358073,5.773308537304811,2016
Северо_Казахстанская,Северо Казахстанская,north_kazakhstan,North Kazakhstan,Северо-Казахстанская,2017,635,61.4,571.5,882.0,1514.9,2.66,6.455198563340122,7.323764600965973,6.297109319933935,6.977467891393437,4.133565275375382,5.3831179682405015,6.350012735428395,6.0156692358048,6.78332520060396,6.101887228358073,2017
Северо_Казахстанская,Северо Казахстанская,north_kazakhstan,North Kazakhstan,Северо-Казахстанская,2018,823,722.4,887.8,763.7,2373.9,2.77,6.714170529909471,7.772710610319132,6.455198563340122,7.323764600965973,6.5839623195179975,4.133565275375382,6.78987223832542,6.350012735428395,6.63948360005018,6.78332520060396,2018
Северо_Казахстанская,Северо Казахстанская,north_kazakhstan,North Kazakhstan,Северо-Казахстанская,2019,1687,1639.0,977.1,1633.7,4249.8,2.8,7.431299675155902,8.35486247949854,6.714170529909471,7.772710610319132,7.402451520818244,6.5839623195179975,6.885611914296447,6.78987223832542,7.399214580257162,6.63948360005018,2019
Северо_Казахстанская,Северо Казахстанская,north_kazakhstan,North Kazakhstan,Северо-Казахстанская,2020,1108,1561.4,1384.4,2180.8,5126.6,0.21,7.011213987350366,8.54239299243798,7.431299675155902,8.35486247949854,7.353978379562469,7.402451520818244,7.233744185588505,6.885611914296447,7.687905503163656,7.399214580257162,2020
Северо_Казахстанская,Северо Казахстанская,north_kazakhstan,North Kazakhstan,Северо-Казахстанская,2021,1105,3101.0,1036.0,1127.0,5264.0,0.22,7.008505182082279,8.568836424568076,7.011213987350366,8.54239299243798,8.039802343736485,7.353978379562469,6.9440872082295275,7.233744185588505,7.028201432058005,7.687905503163656,2021
Северо_Казахстанская,Северо Казахстанская,north_kazakhstan,North Kazakhstan,Северо-Казахстанская,2022,1235,3320.0,1860.0,,5180.0,0.22,7.119635638017636,8.552753366814787,7.008505182082279,8.568836424568076,8.108021221376747,8.039802343736485,7.528869256642251,6.9440872082295275,,7.028201432058005,2022
Северо_Казахстанская,Северо Казахстанская,north_kazakhstan,North Kazakhstan,Северо-Казахстанская,2023,1352,2886.0,1976.0,,4862.0,0.23,7.210079628170788,8.489410810403786,7.119635638017636,8.552753366814787,7.967973179662935,8.108021221376747,7.589335823170617,7.528869256642251,,,2023
Северо_Казахстанская,Северо Казахстанская,north_kazakhstan,North Kazakhstan,Северо-Казахстанская,2024,1229,3038.0,3719.0,,6757.0,3.3,7.114769448366463,8.818482267274234,7.210079628170788,8.489410810403786,8.019283792916793,7.967973179662935,8.221478947267192,7.589335823170617,,,2024
г._Алматы,г. Алматы,almaty_city,Almaty City,г. Алматы,2015,165,76.8,,,76.8,,5.111987788356543,4.354141431184345,,,4.354141431184346,,,,,,2015
г._Алматы,г. Алматы,almaty_city,Almaty City,г. Алматы,2016,75,,,,,,4.330733340286331,,5.111987788356543,4.354141431184345,,4.354141431184346,,,,,2016
г._Алматы,г. Алматы,almaty_city,Almaty City,г. Алматы,2017,202,2276.3,,,2276.3,,5.313205979041787,7.730745809690832,4.330733340286331,,7.730745809690832,,,,,,2017
г._Алматы,г. Алматы,almaty_city,Almaty City,г. Алматы,2018,221,7.8,,,7.8,,5.402677381872279,2.174751721484161,5.313205979041787,7.730745809690832,2.174751721484161,7.730745809690832,,,,,2018
г._Алматы,г. Алматы,almaty_city,Almaty City,г. Алматы,2019,376,,,129.3,129.3,,5.932245187448011,4.869839484130799,5.402677381872279,2.174751721484161,,2.174751721484161,,,4.869839484130799,,2019
г._Алматы,г. Алматы,almaty_city,Almaty City,г. Алматы,2020,337,,1184.4,760.0,1944.4,,5.823045895483019,7.57322289043534,5.932245187448011,4.869839484130799,,,7.077835549353738,,6.634633357861686,4.869839484130799,2020
г._Алматы,г. Алматы,almaty_city,Almaty City,г. Алматы,2021,396,229.0,,913.0,1142.0,,5.98393628068719,7.04141166379481,5.823045895483019,7.57322289043534,5.438079308923196,,,7.077835549353738,6.81783057145415,6.634633357861686,2021
г._Алматы,г. Алматы,almaty_city,Almaty City,г. Алматы,2022,832,,,,,,6.725033642166842,,5.98393628068719,7.04141166379481,,5.438079308923196,,,,6.81783057145415,2022
г._Алматы,г. Алматы,almaty_city,Almaty City,г. Алматы,2023,1177,89.0,629.0,,718.0,,7.071573364211532,6.577861357721046,6.725033642166842,,4.499809670330265,,6.4457198193855785,,,,2023
г._Алматы,г. Алматы,almaty_city,Almaty City,г. Алматы,2024,1461,34.0,2568.0,,2602.0,,7.287560640309724,7.864419904994565,7.071573364211532,6.577861357721046,3.5553480614894135,4.499809670330265,7.851271997109883,6.4457198193855785,,,2024
г._Астана,г. Астана,astana_city,Astana City,г. Астана,2016,14,,,,,,2.70805020110221,,,,,,,,,,2016
г._Астана,г. Астана,astana_city,Astana City,г. Астана,2017,35,,,,,,3.58351893845611,,2.70805020110221,,,,,,,,2017
г._Астана,г. Астана,astana_city,Astana City,г. Астана,2018,61,46.4,,,46.4,,4.127134385045092,3.858622228701031,3.58351893845611,,3.858622228701031,,,,,,2018
г._Астана,г. Астана,astana_city,Astana City,г. Астана,2019,185,,,250.3,250.3,,5.225746673713201,5.526647444549546,4.127134385045092,3.858622228701031,,3.858622228701031,,,5.526647444549546,,2019
г._Астана,г. Астана,astana_city,Astana City,г. Астана,2020,112,,1058.5,721.3,1779.8,,4.727387818712341,7.48481798052128,5.225746673713201,5.526647444549546,,,6.965552377708354,,6.582440565056801,5.526647444549546,2020
г._Астана,г. Астана,astana_city,Astana City,г. Астана,2021,169,163.0,,813.0,976.0,,5.135798437050261,6.884486652042782,4.727387818712341,7.48481798052128,5.099866427824199,,,6.965552377708354,6.70196036600254,6.582440565056801,2021
г._Астана,г. Астана,astana_city,Astana City,г. Астана,2022,378,418.0,,,418.0,,5.937536205082426,6.037870919922137,5.135798437050261,6.884486652042782,6.037870919922137,5.099866427824199,,,,6.70196036600254,2022
г._Астана,г. Астана,astana_city,Astana City,г. Астана,2023,674,217.0,1286.0,,1503.0,,6.514712690872529,7.315883504509785,5.937536205082426,6.037870919922137,5.384495062789089,6.037870919922137,7.160069207596127,,,,2023
г._Астана,г. Астана,astana_city,Astana City,г. Астана,2024,801,96.0,72963.0,,73059.0,,6.687108607866514,11.19903630034927,6.514712690872529,7.315883504509785,4.574710978503383,5.384495062789089,11.197721447806805,7.160069207596127,,,2024
Ұлытау,Ұлытау,ulytau,Ulytau,Ұлытау,2022,933,182.0,67.2,,249.2,0.48,6.839476438228842,5.52226059803281,,,5.209486152841421,,4.222444564849416,,,,2022
Ұлытау,Ұлытау,ulytau,Ulytau,Ұлытау,2023,1057,177.0,732.0,,909.0,3.28,6.964135612418245,6.813444599510896,6.839476438228842,5.52226059803281,5.181783550292085,5.209486152841421,6.597145701886651,4.222444564849416,,,2023
Ұлытау,Ұлытау,ulytau,Ulytau,Ұлытау,2024,1041,141.0,601.0,,742.0,0.52,6.948897222313312,6.610696044717759,6.964135612418245,6.813444599510896,4.955827057601261,5.181783550292085,6.400257445308821,6.597145701886651,,,2024
